Name,id,W,L,ERA,G,GS,CG,SHO,SV,IP,H,R,ER,HR,HB,BB,SO,WHIP,HLD,GF,Team
Jimmy Cordero,622772,1,0,0.00,1,0,0,0,0,1.0,0,0,0,0,0,0,2,0.00,0,0,Buffalo Bisons
Jackson McClelland,621143,0,0,0.00,4,0,0,0,0,7.0,4,0,0,0,0,3,7,1.00,1,0,Buffalo Bisons
David Phelps,475479,1,0,0.00,3,1,0,0,0,2.1,2,0,0,0,0,0,3,0.86,1,0,Buffalo Bisons
Neil Ramirez,519166,0,0,0.00,1,0,0,0,0,1.0,1,0,0,0,0,0,2,1.00,0,0,Buffalo Bisons
Clayton Richard,453385,0,0,0.00,1,1,0,0,0,3.1,0,0,0,0,0,2,4,0.60,0,0,Buffalo Bisons
Thomas Pannone,623381,3,0,1.65,6,5,0,0,0,27.1,19,5,5,3,1,8,32,0.99,0,0,Buffalo Bisons
Derek Law,571882,2,1,1.69,8,0,0,0,2,10.2,7,3,2,1,0,3,17,0.94,1,5,Buffalo Bisons
Graham Spraker,676942,0,0,1.69,1,1,0,0,0,5.1,3,1,1,0,0,2,5,0.94,0,0,Buffalo Bisons
Ty Tice,676709,2,0,1.85,19,0,0,0,4,24.1,20,7,5,0,0,16,28,1.48,2,15,Buffalo Bisons
Justin Shafer,596101,0,2,1.88,22,0,0,0,7,28.2,22,8,6,2,1,7,33,1.01,1,16,Buffalo Bisons
Jonathan Cheshire,677012,0,0,2.16,4,0,0,0,0,8.1,6,2,2,0,2,3,4,1.08,0,3,Buffalo Bisons
Bryan Baker,641329,0,0,2.25,9,0,0,0,2,12.0,9,3,3,0,0,8,16,1.42,2,5,Buffalo Bisons
Javy Guerra,457915,0,1,2.45,5,0,0,0,1,7.1,4,2,2,0,0,4,6,1.09,2,2,Buffalo Bisons
Buddy Boshers,542953,0,2,2.78,25,0,0,0,5,32.1,27,13,10,3,2,14,35,1.27,4,11,Buffalo Bisons
Kirby Snead,669912,5,1,3.02,33,0,0,0,2,44.2,40,17,15,5,5,15,46,1.23,4,10,Buffalo Bisons
David Paulino,600944,1,1,3.45,7,7,0,0,0,28.2,30,14,11,2,2,11,27,1.43,0,0,Buffalo Bisons
Zach Jackson,667427,8,0,3.47,40,0,0,0,1,59.2,44,28,23,8,2,31,59,1.26,8,6,Buffalo Bisons
Jason Adam,592094,0,3,3.60,8,0,0,0,1,10.0,8,6,4,2,0,5,16,1.30,2,6,Buffalo Bisons
Tayler Saucedo,642048,6,0,3.75,21,6,0,0,0,50.1,54,26,21,4,2,15,44,1.37,0,2,Buffalo Bisons
Edwin Jackson,429719,1,0,4.50,3,0,0,0,0,4.0,1,2,2,1,0,1,3,0.50,0,1,Buffalo Bisons
Anthony Kay,641743,0,1,4.66,2,2,0,0,0,9.2,13,9,5,2,0,6,9,1.97,0,0,Buffalo Bisons
William Ouellette,670722,1,0,4.76,5,0,0,0,0,11.1,11,6,6,2,0,0,9,0.97,0,3,Buffalo Bisons
Ryan Borucki,621366,1,0,4.91,2,2,0,0,0,11.0,11,7,6,4,0,3,9,1.27,0,0,Buffalo Bisons
T.J. Zeuch,643615,3,2,4.92,9,9,0,0,0,53.0,53,30,29,4,6,27,26,1.51,0,0,Buffalo Bisons
Conor Fisk,592306,4,6,5.18,27,12,0,0,0,73.0,80,44,42,16,1,24,71,1.42,1,3,Buffalo Bisons
Jacob Waguespack,621097,2,6,5.30,12,11,0,0,0,52.2,57,33,31,9,2,25,52,1.56,0,0,Buffalo Bisons
Clay Buchholz,453329,0,1,5.40,1,1,0,0,0,5.0,4,5,3,4,0,0,5,0.80,0,0,Buffalo Bisons
Zach Logue,656657,1,0,5.40,1,0,0,0,0,3.1,5,2,2,0,1,4,4,2.70,0,0,Buffalo Bisons
Ryan Feierabend,456387,5,5,5.61,13,12,0,0,0,67.1,77,47,42,19,1,21,53,1.46,0,0,Buffalo Bisons
Dusty Isaacs,595260,1,0,5.81,17,0,0,0,0,26.1,27,17,17,3,6,7,36,1.29,0,4,Buffalo Bisons
Jordan Romano,605447,2,2,5.82,20,3,0,0,5,34.0,31,24,22,7,4,14,47,1.32,1,10,Buffalo Bisons
Shawn Morimando,596049,2,5,6.01,16,14,0,0,0,70.1,78,50,47,13,6,33,76,1.58,0,1,Buffalo Bisons
Sean Reid-Foley,656887,3,4,6.26,18,17,0,0,0,82.0,67,64,57,11,6,62,95,1.57,0,0,Buffalo Bisons
Andrew Sopko,621127,1,5,6.57,11,11,0,0,0,50.2,57,44,37,13,2,26,41,1.64,0,0,Buffalo Bisons
Corey Copping,665045,2,2,6.75,22,0,0,0,0,32.0,37,25,24,6,1,22,33,1.84,1,4,Buffalo Bisons
Francisco Rios,642590,0,0,7.71,2,0,0,0,0,2.1,4,2,2,2,0,1,1,2.14,0,2,Buffalo Bisons
Danny Young,664849,0,1,7.71,7,0,0,0,0,7.0,9,6,6,1,0,6,8,2.14,0,3,Buffalo Bisons
Matt Dermody,571616,1,1,7.90,10,0,0,0,0,13.2,19,15,12,4,1,2,13,1.54,1,1,Buffalo Bisons
Jordan Patterson,641958,0,0,9.00,1,0,0,0,0,1.0,1,1,1,0,0,2,1,3.00,0,1,Buffalo Bisons
Ryan Tepera,572193,0,0,9.00,2,1,0,0,0,2.0,2,2,2,1,1,1,3,1.50,0,0,Buffalo Bisons
Turner Larkins,656640,0,1,10.50,1,1,0,0,0,6.0,8,7,7,3,0,2,3,1.67,0,0,Buffalo Bisons
Danny Barnes,592130,0,2,11.74,7,0,0,0,1,7.2,9,10,10,1,0,3,9,1.57,0,4,Buffalo Bisons
David Garner,595219,1,1,13.50,4,0,0,0,0,5.1,9,8,8,2,1,2,9,2.06,0,0,Buffalo Bisons
Joey Pulido,679721,0,1,13.50,1,0,0,0,0,2.2,3,4,4,1,0,1,2,1.50,0,0,Buffalo Bisons
Nick Kingham,592468,0,1,22.50,1,1,0,0,0,2.0,6,5,5,2,0,2,1,4.00,0,0,Buffalo Bisons
Evan Marshall,605359,3,0,0.00,9,0,0,0,2,10.0,8,0,0,0,0,1,13,0.90,0,4,Charlotte Knights
Jose Ruiz,614179,0,0,0.00,4,0,0,0,3,5.1,2,0,0,0,0,2,6,0.75,0,3,Charlotte Knights
Jimmy Cordero,622772,3,1,0.51,13,0,0,0,4,17.2,14,1,1,0,1,2,14,0.91,0,12,Charlotte Knights
Dylan Covey,592229,0,0,1.85,8,6,0,0,0,24.1,21,8,5,3,0,5,25,1.07,0,1,Charlotte Knights
Josh Osich,592612,0,0,2.25,3,0,0,0,0,4.0,3,1,1,0,0,2,4,1.25,1,1,Charlotte Knights
Aaron Bummer,607481,0,0,2.35,5,0,0,0,0,7.2,7,2,2,0,1,2,6,1.17,1,1,Charlotte Knights
Tanner Banks,621383,1,0,2.70,2,0,0,0,0,3.1,5,2,1,0,0,1,3,1.80,0,0,Charlotte Knights
Odrisamer Despaigne,628333,3,2,3.05,12,10,0,0,0,59.0,60,21,20,4,5,16,54,1.29,1,1,Charlotte Knights
Matt Foster,641582,4,1,3.74,29,0,0,0,2,45.2,38,19,19,8,1,12,54,1.09,5,6,Charlotte Knights
Juan Minaya,573668,3,1,3.76,17,0,0,0,5,26.1,23,13,11,4,3,11,34,1.29,1,11,Charlotte Knights
Ross Detwiler,446321,1,2,3.98,8,8,1,0,0,43.0,44,19,19,11,2,11,35,1.28,0,0,Charlotte Knights
Hunter Schryver,676607,0,0,4.32,6,0,0,0,1,8.1,8,4,4,1,0,4,16,1.44,1,1,Charlotte Knights
Connor Walsh,657793,2,1,4.42,26,0,0,0,4,36.2,32,19,18,5,2,19,35,1.39,0,15,Charlotte Knights
Dylan Cease,656302,5,2,4.48,15,15,0,0,0,68.1,75,39,34,4,3,32,73,1.57,0,0,Charlotte Knights
Carson Fulmer,608334,1,1,4.50,22,0,0,0,1,32.0,29,19,16,2,0,18,49,1.47,4,7,Charlotte Knights
Thyago Vieira,600986,6,4,4.64,34,0,0,0,8,42.2,42,25,22,5,4,17,45,1.38,1,28,Charlotte Knights
Zach Thompson,605507,5,2,5.13,33,0,0,0,0,59.2,64,37,34,13,1,20,67,1.41,3,3,Charlotte Knights
Matt Tomshaw,607751,2,1,5.49,8,2,0,0,0,19.2,27,14,12,2,0,7,15,1.73,2,1,Charlotte Knights
Kyle Kubat,665417,3,1,5.59,8,8,0,0,0,37.0,41,23,23,7,1,10,25,1.38,0,0,Charlotte Knights
Hector Santiago,502327,1,4,5.84,7,7,0,0,0,37.0,45,25,24,9,3,9,33,1.46,0,0,Charlotte Knights
Colton Turner,621394,4,4,5.96,31,8,0,0,0,83.0,97,56,55,15,0,30,93,1.53,1,2,Charlotte Knights
Justin Nicolino,592593,5,5,6.27,17,16,1,0,0,99.0,113,78,69,31,3,30,75,1.44,0,0,Charlotte Knights
Caleb Frare,621350,2,1,7.13,17,0,0,0,1,17.2,18,15,14,4,2,13,28,1.75,2,6,Charlotte Knights
Jordan Guerrero,622218,3,7,7.27,20,12,0,0,0,73.0,109,62,59,19,2,44,66,2.10,0,3,Charlotte Knights
Donn Roach,543698,3,6,7.98,17,15,0,0,0,73.1,122,73,65,16,2,24,52,1.99,0,1,Charlotte Knights
Spencer Adams,656181,1,0,8.00,5,3,0,0,0,18.0,35,21,16,4,1,8,10,2.39,0,0,Charlotte Knights
Jordan Stephens,596111,3,4,8.60,9,6,0,0,0,37.2,57,38,36,8,3,14,27,1.88,1,0,Charlotte Knights
Ian Hamilton,641656,0,2,9.92,16,0,0,0,3,16.1,28,18,18,4,0,3,20,1.90,1,8,Charlotte Knights
Jose Nin,650804,0,0,10.80,1,0,0,0,0,1.2,4,2,2,2,1,1,1,3.00,0,0,Charlotte Knights
Kelvin Herrera,516969,0,1,12.00,3,1,0,0,0,3.0,5,4,4,2,0,0,2,1.67,0,0,Charlotte Knights
Brandon Barnes,488681,0,0,0.00,3,0,0,0,0,4.2,3,0,0,0,1,1,1,0.86,0,3,Columbus Clippers
Ben Krauth,670078,0,0,0.00,1,0,0,0,0,0.1,0,0,0,0,0,3,0,9.00,1,0,Columbus Clippers
Danny Salazar,517593,0,0,0.00,2,2,0,0,0,7.1,4,0,0,0,1,2,11,0.82,0,0,Columbus Clippers
Dalbert Siri,660302,0,0,0.00,1,0,0,0,0,2.1,2,0,0,0,0,0,4,0.86,0,0,Columbus Clippers
Randy Valladares,642420,0,0,0.00,1,0,0,0,0,1.2,0,0,0,0,1,1,2,0.60,1,0,Columbus Clippers
Cam Hill,657611,3,1,1.53,14,0,0,0,0,17.2,10,3,3,2,0,5,26,0.85,1,2,Columbus Clippers
Dan Otero,519096,0,0,1.80,5,0,0,0,0,5.0,2,1,1,1,0,1,2,0.60,0,0,Columbus Clippers
Kyle Nelson,669459,2,0,2.08,4,0,0,0,0,4.1,2,1,1,1,1,4,2,1.38,0,0,Columbus Clippers
Aaron Civale,650644,3,1,2.13,8,8,0,0,0,42.1,38,13,10,4,2,9,46,1.11,0,0,Columbus Clippers
Brooks Pounders,572044,2,1,2.31,24,0,0,0,1,35.0,19,9,9,4,3,11,46,0.86,4,6,Columbus Clippers
Zach Plesac,668676,3,1,2.73,4,4,0,0,0,26.1,19,8,8,2,2,3,31,0.84,0,0,Columbus Clippers
Josh D. Smith,605479,7,1,2.76,34,0,0,0,6,45.2,25,14,14,6,5,22,65,1.03,4,16,Columbus Clippers
Phil Maton,664208,0,1,2.79,8,0,0,0,2,9.2,5,3,3,1,0,4,15,0.93,0,2,Columbus Clippers
Tyler Clippard,461325,0,0,3.00,3,0,0,0,0,3.0,2,1,1,0,0,0,4,0.67,1,0,Columbus Clippers
A.J. Cole,595918,0,1,3.18,13,0,0,0,2,17.0,10,6,6,2,1,5,21,0.88,4,8,Columbus Clippers
Rob Kaminsky,641739,1,0,3.32,17,0,0,0,1,19.0,17,9,7,1,1,11,25,1.47,4,7,Columbus Clippers
Hector Hernandez,571772,0,1,3.38,2,0,0,0,0,2.2,3,1,1,0,0,0,4,1.13,1,0,Columbus Clippers
Jared Robinson,656904,2,0,3.52,3,0,0,0,0,7.2,3,3,3,1,2,6,9,1.17,0,0,Columbus Clippers
Asher Wojciechowski,592879,8,2,3.61,15,15,0,0,0,84.2,67,35,34,19,3,31,82,1.16,0,0,Columbus Clippers
Nick Wittgren,621295,0,0,3.86,2,0,0,0,0,2.1,3,2,1,0,0,2,4,2.14,0,0,Columbus Clippers
Nick Sandlin,680704,1,0,4.00,9,0,0,0,0,9.0,5,4,4,2,0,7,11,1.33,0,3,Columbus Clippers
James Hoyt,624586,1,0,4.19,33,2,0,0,2,34.1,43,17,16,3,3,19,38,1.81,2,16,Columbus Clippers
Jon Edwards,457754,5,1,4.28,33,0,0,0,3,40.0,32,21,19,5,0,25,52,1.43,5,11,Columbus Clippers
Michael Peoples,621191,8,5,4.48,21,18,0,0,0,120.2,134,63,60,15,6,28,100,1.34,0,1,Columbus Clippers
Cody Anderson,594736,0,2,4.56,6,6,0,0,0,23.2,25,12,12,3,3,7,21,1.35,0,0,Columbus Clippers
Neil Ramirez,519166,2,1,4.91,25,0,0,0,2,29.1,28,17,16,7,3,11,45,1.33,3,4,Columbus Clippers
Tanner Tully,668684,1,1,4.91,3,3,0,0,0,14.2,15,8,8,2,0,2,14,1.16,0,0,Columbus Clippers
Jefry Rodriguez,622446,1,0,4.96,3,3,0,0,0,16.1,12,9,9,1,0,8,14,1.22,0,0,Columbus Clippers
Sean Brady,608323,1,0,5.23,2,2,0,0,0,10.1,12,6,6,1,0,6,7,1.74,0,0,Columbus Clippers
Henry Martinez,650493,2,2,5.23,35,0,0,0,4,41.1,45,26,24,4,1,18,34,1.52,6,8,Columbus Clippers
Argenis Angulo,656196,1,0,5.40,21,1,0,0,3,26.2,24,18,16,7,1,15,23,1.46,3,9,Columbus Clippers
Eli Morgan,669212,0,1,5.40,1,1,0,0,0,5.0,5,3,3,0,1,2,2,1.40,0,0,Columbus Clippers
Shao-Ching Chiang,623992,6,8,5.48,22,22,0,0,0,111.2,122,78,68,17,11,50,112,1.54,0,0,Columbus Clippers
Corey Kluber,446372,0,0,6.00,1,1,0,0,0,3.0,2,2,2,2,0,1,2,1.00,0,0,Columbus Clippers
Mitch Talbot,452676,2,3,6.34,10,9,0,0,1,49.2,63,37,35,10,4,8,33,1.43,0,1,Columbus Clippers
Jake Paulson,641959,0,1,6.75,2,2,0,0,0,10.2,10,8,8,3,1,9,7,1.78,0,0,Columbus Clippers
Hunter Wood,621056,0,0,6.75,1,0,0,0,0,1.1,1,1,1,1,0,0,3,0.75,0,0,Columbus Clippers
James Karinchak,675916,1,1,7.27,10,0,0,0,1,8.2,8,8,7,1,0,9,23,1.96,3,1,Columbus Clippers
Adam Plutko,592644,1,3,7.47,4,4,0,0,0,15.2,21,13,13,1,1,4,16,1.60,0,0,Columbus Clippers
R.C. Orlan,573074,0,2,7.53,11,0,0,0,1,14.1,18,13,12,2,0,13,11,2.16,0,5,Columbus Clippers
Nick Goody,580792,0,1,7.77,21,0,0,0,0,24.1,28,23,21,8,2,13,34,1.68,1,6,Columbus Clippers
Chih-Wei Hu,629496,1,4,7.95,15,7,0,0,0,48.2,60,43,43,16,1,18,41,1.60,1,2,Columbus Clippers
Logan Allen,663531,0,0,8.53,2,2,0,0,0,6.1,9,6,6,1,0,4,7,2.05,0,0,Columbus Clippers
Ryan Flaherty,475247,0,0,9.00,1,0,0,0,0,1.0,3,1,1,1,0,0,0,3.00,0,1,Columbus Clippers
David Speer,656991,0,0,9.00,1,0,0,0,0,2.0,2,2,2,1,0,2,0,2.00,0,0,Columbus Clippers
Matt Whitehouse,643605,1,1,9.69,9,0,0,0,0,13.0,16,17,14,5,4,9,16,1.92,1,3,Columbus Clippers
Jordan Stephens,596111,0,2,11.42,2,2,0,0,0,8.2,11,11,11,4,2,5,11,1.85,0,0,Columbus Clippers
Evan Mitchell,641887,0,2,11.74,3,2,0,0,0,7.2,17,11,10,1,1,4,5,2.74,0,1,Columbus Clippers
Mike Clevinger,605182,0,0,18.00,1,1,0,0,0,2.0,3,4,4,1,0,2,4,2.50,0,0,Columbus Clippers
Dioner Navarro,425900,0,0,18.00,1,0,0,0,0,1.0,4,2,2,0,0,0,0,4.00,0,1,Columbus Clippers
Jake Cronenworth,630105,0,0,0.00,7,6,0,0,0,7.1,4,2,0,0,0,8,9,1.64,0,0,Durham Bulls
Emilio Pagan,641941,0,0,0.00,4,1,0,0,2,6.0,2,2,0,0,1,4,10,1.00,0,2,Durham Bulls
Brendan McKay,656713,3,0,0.93,6,5,0,0,0,29.0,16,4,3,1,2,8,32,0.83,0,0,Durham Bulls
Andrew Kittredge,552640,2,1,1.93,27,1,0,0,6,37.1,24,9,8,3,2,6,55,0.80,3,19,Durham Bulls
Phoenix Sanders,676637,0,0,2.45,2,0,0,0,0,3.2,3,1,1,1,0,1,4,1.09,1,0,Durham Bulls
Trevor Richards,670950,0,0,2.70,2,2,0,0,0,3.1,4,1,1,0,0,3,6,2.10,0,0,Durham Bulls
Casey Sadler,594987,1,1,2.76,11,3,0,0,1,32.2,30,13,10,5,2,5,44,1.07,1,2,Durham Bulls
Hoby Milner,571948,3,3,3.48,44,0,0,0,8,54.1,45,25,21,7,2,13,78,1.07,8,22,Durham Bulls
Ian Gibaut,664139,1,0,3.48,11,1,0,0,4,10.1,7,4,4,0,1,10,16,1.65,0,7,Durham Bulls
Cole Sulser,642121,5,3,3.57,41,3,0,0,1,53.0,47,21,21,3,2,22,71,1.30,8,12,Durham Bulls
Jose De Leon,592254,2,1,3.65,14,12,0,0,0,44.1,38,18,18,4,4,24,64,1.40,0,1,Durham Bulls
Ryan Yarbrough,642232,2,1,3.81,5,4,0,0,0,26.0,24,11,11,2,3,3,35,1.04,0,0,Durham Bulls
Jose Alvarado,621237,0,0,3.86,3,0,0,0,0,2.1,2,1,1,1,0,2,3,1.71,1,0,Durham Bulls
Ricardo Pinto,620982,8,4,3.93,21,3,0,0,0,89.1,72,40,39,16,7,43,81,1.29,1,2,Durham Bulls
Luis Santos,608601,3,2,3.97,25,2,0,0,1,56.2,50,27,25,6,3,24,61,1.31,1,6,Durham Bulls
Peter Fairbanks,664126,0,1,4.00,9,1,0,0,0,9.0,6,5,4,1,0,5,16,1.22,0,2,Durham Bulls
Jake Faria,607188,6,2,4.07,23,7,0,0,1,59.2,55,29,27,8,0,26,74,1.36,1,3,Durham Bulls
Mike Franco,650574,5,0,4.11,22,0,0,0,1,35.0,30,16,16,5,1,17,34,1.34,4,3,Durham Bulls
Jalen Beeks,656222,0,1,4.22,3,3,0,0,0,10.2,8,5,5,2,0,4,10,1.13,0,0,Durham Bulls
Oliver Drake,543118,1,2,4.94,19,2,0,0,6,23.2,20,13,13,2,1,7,40,1.14,1,14,Durham Bulls
Arturo Reyes,642007,7,6,5.02,17,17,0,0,0,89.2,91,62,50,18,5,35,79,1.41,0,0,Durham Bulls
Austin Pruitt,643493,3,3,5.28,17,5,0,0,0,44.1,56,28,26,7,0,11,49,1.51,0,1,Durham Bulls
Aaron Slegers,642083,4,6,5.59,23,13,1,0,0,95.0,113,64,59,20,6,25,66,1.45,0,4,Durham Bulls
Anthony Banda,607455,1,2,6.08,5,3,0,0,0,13.1,14,9,9,4,0,5,10,1.43,0,0,Durham Bulls
Colin Poche,621363,2,2,6.26,20,2,0,0,0,27.1,32,20,19,4,0,9,48,1.50,3,1,Durham Bulls
Tyler Zombro,677742,0,1,6.75,4,0,0,0,0,5.1,6,5,4,1,2,3,4,1.69,0,2,Durham Bulls
Ryan Merritt,607320,4,4,7.06,23,11,0,0,0,72.2,108,61,57,18,6,20,61,1.76,1,3,Durham Bulls
Vidal Nuno III,573064,1,1,7.13,21,1,0,0,0,24.0,35,21,19,3,2,7,26,1.75,1,5,Durham Bulls
Hunter Wood,621056,1,0,7.59,8,0,0,0,1,10.2,16,11,9,3,0,5,14,1.97,2,4,Durham Bulls
Sam McWilliams,656726,1,3,9.11,6,6,0,0,0,27.2,46,29,28,6,5,11,28,2.06,0,0,Durham Bulls
Andrew Moore,621058,0,2,12.98,5,4,0,0,0,17.1,29,26,25,9,2,10,10,2.25,0,0,Durham Bulls
Rocky Gale,502570,0,0,18.00,1,0,0,0,0,1.0,3,2,2,2,0,0,0,3.00,0,1,Durham Bulls
Mac James,657429,0,0,40.50,1,0,0,0,0,0.2,3,3,3,0,2,1,0,6.00,0,1,Durham Bulls
Tucker Davidson,656353,0,0,0.00,1,1,0,0,0,5.0,2,1,0,0,0,2,4,0.80,0,0,Gwinnett Stripers
Sal Giardina,657589,0,0,0.00,2,0,0,0,0,1.1,1,0,0,0,0,0,0,0.75,0,2,Gwinnett Stripers
Sean Kazmar Jr.,453527,1,0,0.00,1,0,0,0,0,1.0,0,0,0,0,0,0,1,0.00,0,1,Gwinnett Stripers
Jonny Venters,458924,0,0,0.00,7,0,0,0,0,7.0,3,0,0,0,0,2,6,0.71,1,0,Gwinnett Stripers
A.J. Minter,621345,0,1,2.08,12,0,0,0,3,13.0,10,3,3,2,0,2,19,0.92,0,9,Gwinnett Stripers
Sean Newcomb,656794,2,1,2.18,4,3,0,0,0,20.2,14,5,5,1,0,5,20,0.92,1,0,Gwinnett Stripers
Jacob Webb,657097,0,0,2.45,7,0,0,0,1,7.1,3,2,2,1,0,5,8,1.09,2,3,Gwinnett Stripers
Kevin Gausman,592332,0,1,2.57,1,1,0,0,0,7.0,6,3,2,1,0,1,10,1.00,0,0,Gwinnett Stripers
Grant Dayton,594795,0,1,2.61,17,0,0,0,0,20.2,14,6,6,4,1,3,31,0.82,3,7,Gwinnett Stripers
Wes Parsons,641149,2,3,2.63,26,0,0,0,4,54.2,54,22,16,1,4,21,52,1.37,0,11,Gwinnett Stripers
Patrick Weigel,622256,5,1,2.96,15,10,0,0,0,51.2,34,19,17,7,6,26,42,1.16,0,0,Gwinnett Stripers
Kurt Hoekstra,664940,0,0,3.24,3,1,0,0,0,8.1,10,3,3,1,1,2,8,1.44,1,1,Gwinnett Stripers
Jesse Biddle,592145,1,0,3.38,4,0,0,0,0,5.1,6,2,2,1,0,1,6,1.31,0,2,Gwinnett Stripers
Bryse Wilson,669060,8,7,3.58,19,19,0,0,0,108.0,107,56,43,11,3,25,106,1.22,0,0,Gwinnett Stripers
Ben Rowen,594985,4,3,3.65,29,6,0,0,0,74.0,70,30,30,4,3,11,57,1.09,3,4,Gwinnett Stripers
Jonathan Aro,608167,3,0,3.72,9,0,0,0,2,19.1,22,8,8,1,1,0,9,1.14,1,5,Gwinnett Stripers
Jose Rafael De Paula,606127,1,2,3.79,30,0,0,0,6,35.2,28,18,15,4,1,23,42,1.43,2,16,Gwinnett Stripers
Mike Foltynewicz,592314,5,1,3.86,10,10,0,0,0,51.1,49,24,22,1,2,17,45,1.29,0,0,Gwinnett Stripers
Mike Soroka,647336,1,0,3.86,2,2,0,0,0,9.1,5,4,4,1,0,1,10,0.64,0,0,Gwinnett Stripers
Kolby Allard,663465,7,5,4.17,20,20,0,0,0,110.0,119,60,51,15,2,36,98,1.41,0,0,Gwinnett Stripers
Kyle Wright,657140,9,4,4.33,17,17,0,0,0,89.1,84,46,43,12,7,23,87,1.20,0,0,Gwinnett Stripers
Chad Sobotka,656977,2,1,4.50,9,0,0,0,0,12.0,14,6,6,1,2,3,19,1.42,0,2,Gwinnett Stripers
Thomas Burrows,641425,1,1,4.75,27,0,0,0,6,36.0,31,21,19,3,5,18,39,1.36,3,11,Gwinnett Stripers
Huascar Ynoa,660623,2,4,4.82,13,10,0,0,0,56.0,57,31,30,11,4,25,62,1.46,0,1,Gwinnett Stripers
Dan Winkler,595465,0,1,4.86,18,0,0,0,2,16.2,16,11,9,1,1,18,20,2.04,0,11,Gwinnett Stripers
Connor Johnstone,641733,2,0,4.97,7,0,0,0,0,12.2,14,8,7,1,1,6,7,1.58,0,1,Gwinnett Stripers
Elian Leyva,673140,0,0,5.00,9,2,0,0,1,18.0,18,11,10,2,1,2,16,1.11,1,1,Gwinnett Stripers
Shane Carle,641438,4,2,5.13,20,1,0,0,0,33.1,39,20,19,2,0,14,31,1.59,2,4,Gwinnett Stripers
Jeremy Walker,668683,1,0,5.54,6,0,0,0,1,13.0,14,8,8,1,1,4,16,1.38,1,1,Gwinnett Stripers
Jason Creasy,595926,3,1,5.59,30,0,0,0,3,37.0,37,23,23,7,2,11,36,1.30,4,16,Gwinnett Stripers
Jordan Harrison,571751,1,0,5.79,3,0,0,0,0,4.2,5,3,3,0,3,6,7,2.36,0,0,Gwinnett Stripers
Corbin Clouse,641462,0,2,6.08,18,1,0,0,1,23.2,24,16,16,4,2,12,32,1.52,4,6,Gwinnett Stripers
Andres Santiago,519246,2,2,6.23,11,6,0,0,0,34.2,43,26,24,6,2,19,20,1.79,0,0,Gwinnett Stripers
Touki Toussaint,657053,1,3,6.93,6,6,0,0,0,24.2,32,20,19,3,4,14,27,1.86,0,0,Gwinnett Stripers
Ian Anderson,666120,0,1,15.00,1,1,0,0,0,3.0,6,5,5,1,0,4,5,3.33,0,0,Gwinnett Stripers
Walter Borkovich,677420,0,1,18.00,1,0,0,0,0,2.0,2,5,4,0,0,2,0,2.00,0,1,Gwinnett Stripers
Jack Lopez,605346,0,0,27.00,1,0,0,0,0,1.0,2,3,3,0,0,2,0,4.00,0,1,Gwinnett Stripers
Matt Eckelman,664158,0,0,*.**,1,0,0,0,0,0.0,4,4,3,0,1,0,0,*.**,0,0,Indianapolis Indians
Parker Markel,571917,1,0,0.00,2,0,0,0,0,3.0,0,0,0,0,1,0,5,0.00,0,1,Indianapolis Indians
Yacksel Rios,605441,0,0,0.00,2,0,0,0,0,3.0,2,0,0,0,0,0,3,0.67,0,0,Indianapolis Indians
Darnell Sweeney,572182,0,0,0.00,1,0,0,0,0,0.2,1,0,0,0,0,1,1,3.00,0,1,Indianapolis Indians
Michael Feliz,593140,0,0,1.20,10,0,0,0,2,15.0,13,2,2,1,1,7,22,1.33,1,6,Indianapolis Indians
Jordan Lyles,543475,0,0,1.69,1,1,0,0,0,5.1,2,1,1,1,0,3,7,0.94,0,0,Indianapolis Indians
James Marvel,621086,3,0,1.87,6,6,1,1,0,33.2,18,8,7,1,3,15,34,0.98,0,0,Indianapolis Indians
Montana DuRapau,657566,2,1,2.06,32,0,0,0,9,39.1,16,11,9,3,2,13,50,0.74,5,18,Indianapolis Indians
JT Brubaker,664141,2,1,2.57,4,4,0,0,0,21.0,19,6,6,2,3,4,20,1.10,0,0,Indianapolis Indians
Geoff Hartlieb,664129,3,0,2.62,21,0,0,0,2,34.1,26,10,10,0,0,14,45,1.17,3,6,Indianapolis Indians
Richard Rodriguez,593144,1,0,3.00,2,0,0,0,1,3.0,2,1,1,1,0,0,3,0.67,0,1,Indianapolis Indians
Luis Escobar,650813,2,1,3.16,17,5,0,0,1,42.2,36,17,15,5,2,26,46,1.45,1,3,Indianapolis Indians
Tyler Lyons,544928,4,3,3.35,35,0,0,0,3,45.2,34,20,17,4,1,16,55,1.09,4,12,Indianapolis Indians
Mitch Keller,656605,7,5,3.56,19,19,0,0,0,103.2,94,44,41,9,7,35,123,1.24,0,0,Indianapolis Indians
Dovydas Neverauskas,596720,3,2,4.02,29,0,0,0,8,40.1,37,18,18,5,1,15,55,1.29,6,17,Indianapolis Indians
Dario Agrazal,642607,4,3,4.25,10,10,0,0,0,55.0,48,28,26,7,3,11,43,1.07,0,0,Indianapolis Indians
Brandon Maurer,543506,2,0,4.26,6,0,0,0,0,6.1,5,3,3,0,0,4,7,1.42,2,1,Indianapolis Indians
Sean Keselica,656613,1,6,4.41,27,0,0,0,1,49.0,48,27,24,4,5,31,46,1.61,3,10,Indianapolis Indians
Steven Brault,643230,0,0,4.50,1,1,0,0,0,4.0,3,2,2,0,0,5,2,2.00,0,0,Indianapolis Indians
Chris Stratton,608717,0,1,4.50,2,0,0,0,0,4.0,7,4,2,1,0,1,4,2.00,0,0,Indianapolis Indians
Blake Weiman,676620,0,1,4.63,8,0,0,0,1,11.2,12,7,6,3,2,4,10,1.37,0,2,Indianapolis Indians
Alex McRae,656725,7,6,4.81,18,18,0,0,0,97.1,104,55,52,15,5,37,83,1.45,0,0,Indianapolis Indians
Cam Vieaux,664944,4,2,5.05,13,13,0,0,0,62.1,63,35,35,15,4,29,61,1.48,0,0,Indianapolis Indians
Rookie Davis,606959,1,4,5.18,8,8,0,0,0,40.0,46,23,23,6,1,14,29,1.50,0,0,Indianapolis Indians
Jake Brentz,641394,1,0,5.19,26,0,0,0,8,34.2,39,22,20,3,2,23,41,1.79,2,16,Indianapolis Indians
Yefry Ramirez,606162,1,3,6.00,13,3,0,0,0,33.0,36,24,22,4,2,25,41,1.85,1,2,Indianapolis Indians
Trevor Williams,592866,0,1,6.00,1,1,0,0,0,3.0,4,2,2,0,0,1,5,1.67,0,0,Indianapolis Indians
JB Shuck,543776,0,0,6.30,9,1,0,0,0,10.0,12,7,7,3,1,8,14,2.00,0,7,Indianapolis Indians
Clay Holmes,605280,2,1,6.32,10,0,0,0,1,15.2,17,15,11,1,1,15,13,2.04,1,4,Indianapolis Indians
Eduardo Vera,622747,5,9,6.75,23,22,0,0,0,118.2,145,92,89,17,12,33,83,1.50,0,1,Indianapolis Indians
Pedro Vasquez,664275,1,1,7.71,2,1,0,0,0,9.1,7,8,8,1,0,4,10,1.18,0,0,Indianapolis Indians
Jesus Liranzo,622338,0,3,8.36,21,0,0,0,1,28.0,33,28,26,7,1,20,26,1.89,5,5,Indianapolis Indians
Brandon Waddell,663399,1,5,9.91,24,3,0,0,0,42.2,56,48,47,8,0,33,49,2.09,7,3,Indianapolis Indians
Keone Kela,605309,0,0,13.50,4,1,0,0,0,3.1,5,5,5,2,0,1,7,1.80,0,0,Indianapolis Indians
Victor Arano,644364,2,0,0.00,3,0,0,0,0,4.0,0,0,0,0,0,1,7,0.25,0,0,Lehigh Valley IronPigs
Matt McBride,473724,0,0,0.00,1,0,0,0,0,1.0,4,6,0,0,2,0,1,4.00,0,1,Lehigh Valley IronPigs
Andrew Romine,461865,0,0,0.00,1,0,0,0,0,0.2,0,0,0,0,0,1,0,1.50,0,1,Lehigh Valley IronPigs
Nick Vincent,543883,0,0,0.00,1,0,0,0,0,1.0,0,0,0,0,0,0,0,0.00,0,1,Lehigh Valley IronPigs
Edubray Ramos,591693,2,0,1.80,10,0,0,0,6,10.0,6,3,2,1,1,4,8,1.00,0,6,Lehigh Valley IronPigs
Edgar Garcia,658305,2,1,2.63,21,0,0,0,6,24.0,13,7,7,3,1,8,31,0.88,3,11,Lehigh Valley IronPigs
Tom Eshelman,664045,1,1,2.77,4,4,1,0,0,26.0,23,8,8,3,0,5,23,1.08,0,0,Lehigh Valley IronPigs
Austin Davis,656354,3,1,2.93,33,0,0,0,3,46.0,38,16,15,2,1,21,58,1.28,3,11,Lehigh Valley IronPigs
Tyler Gilbert,656457,1,2,3.38,26,0,0,0,1,34.2,31,15,13,4,2,8,32,1.13,4,4,Lehigh Valley IronPigs
Nick Pivetta,601713,4,1,3.41,6,6,0,0,0,37.0,22,14,14,2,1,20,50,1.14,0,0,Lehigh Valley IronPigs
Enyel De Los Santos,660853,5,6,3.96,16,16,0,0,0,77.1,68,40,34,14,3,24,72,1.19,0,0,Lehigh Valley IronPigs
Cole Irvin,608344,5,0,3.99,14,14,0,0,0,76.2,93,39,34,11,1,12,48,1.37,0,0,Lehigh Valley IronPigs
Connor Brogdon,641401,1,1,4.09,17,0,0,0,0,22.0,19,11,10,3,1,8,30,1.23,2,2,Lehigh Valley IronPigs
Tom Windle,592874,7,2,4.26,42,0,0,0,0,50.2,42,30,24,2,6,32,51,1.46,3,15,Lehigh Valley IronPigs
Kyle Arjona,679344,0,0,4.50,1,0,0,0,0,2.0,2,1,1,0,0,2,1,2.00,0,0,Lehigh Valley IronPigs
Jerad Eickhoff,595191,2,0,4.50,2,2,0,0,0,10.0,8,6,5,2,0,4,10,1.20,0,0,Lehigh Valley IronPigs
Dan Straily,573185,0,1,4.50,2,2,0,0,0,12.0,8,7,6,2,0,2,13,0.83,0,0,Lehigh Valley IronPigs
Fernando Salas,477569,1,1,4.64,16,0,0,0,1,21.1,24,12,11,3,0,6,21,1.41,0,2,Lehigh Valley IronPigs
Ramon Rosso,665759,1,2,4.91,11,11,0,0,0,55.0,53,31,30,10,8,25,50,1.42,0,0,Lehigh Valley IronPigs
Ranger Suarez,624133,2,2,5.68,7,7,0,0,0,38.0,41,26,24,8,4,10,32,1.34,0,0,Lehigh Valley IronPigs
Drew Anderson,623454,0,6,5.77,11,11,0,0,0,48.1,48,35,31,9,4,27,40,1.55,0,0,Lehigh Valley IronPigs
Alexis Rivero,640485,2,3,5.92,12,4,0,0,0,24.1,26,16,16,5,4,12,16,1.56,0,3,Lehigh Valley IronPigs
Josh Tols,599644,0,0,5.92,17,0,0,0,0,24.1,24,23,16,4,1,19,24,1.77,0,5,Lehigh Valley IronPigs
Josh Martin,607294,1,2,6.09,30,0,0,0,2,34.0,26,24,23,6,4,35,37,1.79,3,10,Lehigh Valley IronPigs
James Pazos,572021,0,1,6.14,7,0,0,0,2,7.1,8,6,5,0,1,7,4,2.05,3,3,Lehigh Valley IronPigs
Seth McGarry,664121,0,2,6.38,18,3,0,0,1,36.2,48,33,26,7,5,16,36,1.75,2,3,Lehigh Valley IronPigs
Kyle Dohy,675971,5,5,6.56,36,0,0,0,1,46.2,48,42,34,4,3,42,75,1.93,1,13,Lehigh Valley IronPigs
Tyler Viza,643588,1,8,7.23,19,16,0,0,0,71.0,100,69,57,17,8,23,67,1.73,0,0,Lehigh Valley IronPigs
Yacksel Rios,605441,1,3,7.41,31,0,0,0,7,34.0,38,31,28,4,3,22,37,1.76,2,15,Lehigh Valley IronPigs
JoJo Romero,668941,3,3,7.57,10,10,0,0,0,44.0,59,41,37,7,3,28,32,1.98,0,0,Lehigh Valley IronPigs
Jose Taveras,650810,1,2,8.15,7,4,0,0,0,17.2,20,16,16,4,3,8,13,1.58,0,0,Lehigh Valley IronPigs
Luke Leftwich,663398,0,1,8.28,16,1,0,0,0,25.0,33,24,23,8,0,12,32,1.80,2,1,Lehigh Valley IronPigs
Jose Antequera,655672,0,0,9.00,2,0,0,0,0,2.0,4,2,2,0,0,0,1,2.00,0,2,Lehigh Valley IronPigs
Damon Jones,676103,0,1,10.20,4,4,0,0,0,15.0,15,17,17,1,5,12,13,1.80,0,0,Lehigh Valley IronPigs
John Curtiss,595928,0,1,10.95,9,1,0,0,0,12.1,20,15,15,5,0,9,15,2.35,1,1,Lehigh Valley IronPigs
JD Hammer,670456,2,2,12.00,9,0,0,0,0,9.0,14,12,12,3,0,5,8,2.11,0,2,Lehigh Valley IronPigs
Ali Castillo,542419,0,0,13.50,2,0,0,0,0,2.0,3,3,3,1,0,1,0,2.00,0,2,Lehigh Valley IronPigs
Abdallah Aris,661548,0,0,27.00,1,0,0,0,0,1.0,4,3,3,1,0,1,2,5.00,0,1,Lehigh Valley IronPigs
Tim Collins,525768,1,0,0.00,3,0,0,0,0,2.1,3,0,0,0,0,1,1,1.71,0,0,Louisville Bats
Courtney Hawkins,621445,0,0,0.00,1,0,0,0,0,1.0,1,0,0,0,0,0,0,1.00,0,1,Louisville Bats
Wandy Peralta,593974,0,0,0.00,3,0,0,0,0,2.1,0,0,0,0,0,0,1,0.00,2,0,Louisville Bats
R.J. Alaniz,595798,1,1,1.71,23,0,0,0,3,26.1,23,7,5,0,2,10,30,1.25,3,15,Louisville Bats
Joel Kuhnel,669270,2,1,2.00,16,0,0,0,4,18.0,13,5,4,1,0,8,20,1.17,1,11,Louisville Bats
Justin Grimm,518748,2,0,2.08,8,0,0,0,0,13.0,5,3,3,1,0,7,16,0.92,0,0,Louisville Bats
Matt Bowman,621199,1,1,2.12,24,0,0,0,3,34.0,24,10,8,1,0,14,29,1.12,4,7,Louisville Bats
Alex Powers,641988,0,0,2.20,14,0,0,0,1,16.1,17,4,4,0,1,10,17,1.65,4,5,Louisville Bats
Anthony Bass,542914,1,1,2.21,19,0,0,0,9,20.1,13,7,5,1,0,6,19,0.93,0,16,Louisville Bats
Cody Reed,642003,1,2,2.61,18,0,0,0,0,20.2,13,6,6,1,1,8,25,1.02,4,7,Louisville Bats
Jimmy Herget,623474,2,4,3.54,41,0,0,0,2,48.1,38,22,19,7,2,28,54,1.37,10,13,Louisville Bats
Joe Mantiply,573009,0,0,3.72,18,0,0,0,1,29.0,26,12,12,2,2,3,26,1.00,6,3,Louisville Bats
Odrisamer Despaigne,628333,3,2,3.92,8,8,0,0,0,41.1,40,21,18,5,2,16,40,1.35,0,0,Louisville Bats
Wendolyn Bautista,642664,0,0,4.50,5,0,0,0,1,8.0,10,4,4,0,0,3,7,1.63,1,1,Louisville Bats
Brad Boxberger,502202,0,0,4.50,2,0,0,0,0,2.0,2,1,1,0,0,4,3,3.00,1,0,Louisville Bats
Robert Stephenson,596112,0,1,4.50,2,0,0,0,0,2.0,3,1,1,0,0,1,3,2.00,0,0,Louisville Bats
Sal Romano,607219,4,7,4.55,37,5,0,0,1,63.1,69,37,32,5,3,24,72,1.47,5,9,Louisville Bats
Lucas Sims,608371,5,0,4.56,16,16,0,0,0,79.0,69,43,40,9,6,36,102,1.33,0,0,Louisville Bats
Jesus Reyes,660875,0,4,4.73,39,3,0,0,0,59.0,54,40,31,10,6,38,52,1.56,1,10,Louisville Bats
Keury Mella,622492,8,11,4.75,24,24,0,0,0,127.0,138,80,67,20,7,50,94,1.48,0,0,Louisville Bats
Alex Wood,622072,0,1,5.06,3,3,0,0,0,5.1,8,4,3,0,0,2,7,1.88,0,0,Louisville Bats
Ian Krol,571871,1,3,5.33,28,0,0,0,1,25.1,27,16,15,2,2,12,28,1.54,8,4,Louisville Bats
Jackson Stephens,623451,6,4,5.55,39,2,0,0,0,71.1,78,50,44,5,3,29,62,1.50,3,3,Louisville Bats
Tejay Antone,622088,2,7,6.10,10,9,0,0,0,48.2,77,38,33,5,1,22,40,2.03,0,1,Louisville Bats
Vladimir Gutierrez,661269,4,10,6.61,23,23,0,0,0,114.1,131,91,84,23,10,39,82,1.49,0,0,Louisville Bats
Tristan Archer,572687,0,0,6.75,10,0,0,0,0,13.1,21,11,10,4,1,5,10,1.95,0,4,Louisville Bats
Jose Lopez,656661,2,4,6.84,11,10,1,0,0,50.0,63,40,38,13,5,26,44,1.78,0,1,Louisville Bats
Alberti Chavez,622482,0,0,7.20,3,0,0,0,0,5.0,11,7,4,2,0,6,0,3.40,0,3,Louisville Bats
Eric Stout,657770,2,1,7.26,15,7,0,0,0,39.2,48,33,32,14,1,29,30,1.94,1,1,Louisville Bats
Brad Markey,623490,2,3,7.49,11,5,0,0,0,33.2,41,30,28,4,2,15,13,1.66,0,2,Louisville Bats
Christian Colon,518568,0,0,9.00,1,0,0,0,0,2.0,3,2,2,0,0,1,0,2.00,0,1,Louisville Bats
Johendi Jiminian,593977,0,0,9.00,1,0,0,0,0,5.0,9,5,5,1,0,2,2,2.20,0,0,Louisville Bats
Rob Wooten,543942,0,1,13.50,3,3,0,0,0,7.1,12,11,11,0,3,4,6,2.18,0,0,Louisville Bats
Juan Martinez,622576,0,0,23.40,2,1,0,0,0,5.0,15,13,13,4,0,4,4,3.80,0,0,Louisville Bats
Hunter Cervenka,543017,0,0,0.00,1,0,0,0,0,1.0,1,0,0,0,0,0,1,1.00,0,1,Norfolk Tides
Tayler Scott,605463,0,0,0.00,10,0,0,0,4,13.0,9,0,0,0,0,1,17,0.77,2,6,Norfolk Tides
Dillon Tate,622253,0,0,0.00,1,0,0,0,1,1.0,1,0,0,0,0,0,1,1.00,0,1,Norfolk Tides
Yefry Ramirez,606162,1,1,1.50,4,4,0,0,0,18.0,11,4,3,2,0,9,24,1.11,0,0,Norfolk Tides
Dan Straily,573185,4,0,2.38,6,6,0,0,0,34.0,24,9,9,4,3,8,38,0.94,0,0,Norfolk Tides
Tanner Scott,656945,3,3,2.82,25,0,0,0,6,38.1,28,16,12,2,1,14,51,1.10,0,18,Norfolk Tides
David Hess,605276,2,1,4.15,9,2,0,0,1,26.0,23,12,12,4,0,5,31,1.08,1,1,Norfolk Tides
Sean Gilmartin,543219,2,3,4.31,27,3,0,0,0,56.1,48,29,27,6,3,22,62,1.24,2,4,Norfolk Tides
Jimmy Yacabonis,642231,1,2,4.35,13,0,0,0,2,20.2,20,13,10,2,0,13,21,1.60,0,7,Norfolk Tides
Tom Eshelman,664045,1,1,4.44,4,4,0,0,0,24.1,24,13,12,4,2,7,14,1.27,0,0,Norfolk Tides
Evan Phillips,623465,1,2,4.65,22,0,0,0,1,31.0,28,17,16,2,2,15,35,1.39,2,9,Norfolk Tides
Keegan Akin,669211,4,5,4.65,21,20,0,0,0,91.0,93,52,47,7,2,48,104,1.55,1,0,Norfolk Tides
Gabriel Ynoa,593679,1,0,4.76,3,3,0,0,0,17.0,13,9,9,3,1,6,13,1.12,0,0,Norfolk Tides
Hunter Harvey,640451,1,1,4.91,10,0,0,0,0,14.2,12,8,8,2,0,5,16,1.16,5,0,Norfolk Tides
Jay Flaa,664852,2,3,5.47,28,3,0,0,4,52.2,53,35,32,8,1,25,39,1.48,2,16,Norfolk Tides
Chandler Shepherd,605469,1,5,5.61,11,9,0,0,0,51.1,63,36,32,6,1,16,57,1.54,1,0,Norfolk Tides
Matt Wotherspoon,642226,5,2,5.71,32,3,0,0,1,63.0,62,41,40,10,5,27,65,1.41,1,8,Norfolk Tides
Bruce Zimmermann,669145,0,2,5.87,3,3,0,0,0,15.1,20,11,10,2,0,8,15,1.83,0,0,Norfolk Tides
Chris Lee,595296,3,2,5.91,18,0,0,0,2,45.2,55,35,30,8,1,22,46,1.69,1,7,Norfolk Tides
Josh Lucas,572998,0,1,6.10,18,0,0,0,2,20.2,23,15,14,4,2,12,17,1.69,1,12,Norfolk Tides
Luis Ortiz,656814,3,7,6.38,14,14,0,0,0,66.1,77,56,47,15,2,31,47,1.63,0,0,Norfolk Tides
Luis Ysla,644443,3,6,6.62,22,16,0,0,0,85.2,98,68,63,14,8,55,82,1.79,0,1,Norfolk Tides
Tanner Chleborad,607222,0,0,7.11,3,0,0,0,0,6.1,8,5,5,1,0,4,4,1.89,0,1,Norfolk Tides
Tyler Herb,600355,4,8,7.16,16,13,0,0,0,76.2,109,66,61,20,5,37,63,1.90,0,1,Norfolk Tides
Ty Blach,621389,0,0,7.71,1,1,0,0,0,2.1,4,2,2,0,0,2,4,2.57,0,0,Norfolk Tides
Francisco Jimenez,622465,1,0,7.71,4,0,0,0,0,11.2,14,10,10,4,0,5,16,1.63,0,1,Norfolk Tides
Branden Kline,571858,1,1,7.80,13,0,0,0,1,15.0,19,14,13,3,0,10,18,1.93,0,4,Norfolk Tides
Josh Rogers,642028,2,6,8.51,11,11,0,0,0,55.0,86,53,52,18,2,10,33,1.75,0,0,Norfolk Tides
Luis Gonzalez,593574,1,4,8.69,23,1,0,0,2,29.0,43,28,28,8,1,11,40,1.86,1,15,Norfolk Tides
Lucas Long,657664,0,2,9.53,7,1,0,0,0,11.1,19,14,12,1,0,4,8,2.03,1,2,Norfolk Tides
Pedro Araujo,606478,0,1,14.04,3,0,0,0,0,8.1,15,15,13,6,0,5,9,2.40,0,0,Norfolk Tides
Zach Muckenhirn,669105,0,1,17.18,4,0,0,0,0,3.2,9,7,7,1,0,4,8,3.55,0,2,Norfolk Tides
Tyler Erwin,670428,0,0,19.29,1,0,0,0,0,2.1,5,5,5,1,1,0,1,2.14,0,0,Norfolk Tides
Paul Fry,643316,0,0,36.00,1,0,0,0,0,1.0,4,4,4,1,0,1,3,5.00,0,0,Norfolk Tides
Nate Karns,501992,0,0,81.00,1,0,0,0,0,0.1,2,3,3,1,0,2,0,12.00,0,0,Norfolk Tides
Colten Brewer,605155,0,0,0.00,1,0,0,0,0,1.0,1,0,0,0,0,0,0,1.00,1,0,Pawtucket Red Sox
Nathan Eovaldi,543135,0,0,0.00,1,0,0,0,0,1.0,0,0,0,0,0,1,3,1.00,0,0,Pawtucket Red Sox
Heath Hembree,592390,0,0,0.00,1,0,0,0,0,1.0,0,0,0,0,0,0,2,0.00,0,0,Pawtucket Red Sox
Marcus Walden,519393,0,0,0.00,1,0,0,0,0,1.2,1,0,0,0,0,0,2,0.60,0,0,Pawtucket Red Sox
Ryan Brasier,518489,2,0,1.23,8,0,0,0,0,7.1,6,1,1,1,2,1,8,0.95,2,1,Pawtucket Red Sox
Trevor Kelley,665001,5,3,1.50,42,0,0,0,10,54.0,40,12,9,5,5,16,50,1.04,4,25,Pawtucket Red Sox
Konner Wade,592831,0,0,1.80,1,1,0,0,0,5.0,8,1,1,0,0,3,1,2.20,0,0,Pawtucket Red Sox
Steven Wright,453214,1,0,1.86,5,1,0,0,0,9.2,6,2,2,1,0,3,4,0.93,0,1,Pawtucket Red Sox
Tanner Houck,656557,0,0,2.38,8,0,0,0,0,11.1,7,4,3,1,3,10,10,1.50,3,2,Pawtucket Red Sox
Matthew Gorst,669054,1,1,2.70,9,1,0,0,0,13.1,10,4,4,1,0,13,8,1.73,0,2,Pawtucket Red Sox
Josh Taylor,657031,1,1,2.70,20,0,0,0,3,23.1,18,9,7,2,1,11,32,1.24,4,7,Pawtucket Red Sox
Brian Johnson,598271,1,0,3.68,6,3,0,0,0,14.2,13,6,6,1,1,8,19,1.43,1,0,Pawtucket Red Sox
Bobby Poyner,596074,2,5,3.70,36,1,0,0,5,48.2,40,23,20,7,3,22,59,1.27,4,14,Pawtucket Red Sox
Kyle Hart,606996,8,5,3.93,14,11,1,1,0,75.2,70,34,33,6,4,24,62,1.24,0,2,Pawtucket Red Sox
Hector Velazquez,584171,0,0,4.05,6,0,0,0,1,6.2,5,3,3,2,0,3,7,1.20,4,1,Pawtucket Red Sox
Erasmo Ramirez,541640,4,7,4.19,22,20,1,0,0,105.1,93,58,49,16,4,36,78,1.22,0,0,Pawtucket Red Sox
Teddy Stankiewicz,621103,5,6,4.30,19,18,1,1,0,102.2,112,52,49,22,1,35,79,1.43,0,0,Pawtucket Red Sox
Ryan Weber,543901,1,2,4.33,13,13,1,0,0,62.1,63,32,30,8,3,22,48,1.36,0,0,Pawtucket Red Sox
Kevin Lenik,667595,0,0,4.50,1,0,0,0,0,2.0,3,1,1,0,0,0,1,1.50,0,0,Pawtucket Red Sox
Cole Sturgeon,657017,0,0,4.50,2,0,0,0,0,2.0,1,1,1,0,0,2,2,1.50,0,2,Pawtucket Red Sox
Josh A. Smith,595001,5,2,4.76,12,11,1,0,0,64.1,70,37,34,8,3,20,68,1.40,0,0,Pawtucket Red Sox
Darwinzon Hernandez,650382,1,2,4.76,7,3,0,0,0,17.0,10,9,9,2,4,16,20,1.53,1,0,Pawtucket Red Sox
Mike Shawaryn,642067,1,2,4.90,21,11,0,0,0,71.2,60,42,39,10,5,41,66,1.41,3,1,Pawtucket Red Sox
Travis Lakins,664042,3,3,4.95,36,1,0,0,5,40.0,45,22,22,3,2,21,38,1.65,6,14,Pawtucket Red Sox
Domingo Tapia,593619,4,3,5.07,35,1,0,0,2,55.0,59,39,31,8,5,27,45,1.56,4,7,Pawtucket Red Sox
Dan Runzler,502130,1,1,5.40,22,0,0,0,1,26.2,26,19,16,3,3,15,22,1.54,3,1,Pawtucket Red Sox
Jeremy Bleich,542946,2,2,5.59,12,3,0,0,0,19.1,21,13,12,4,1,8,17,1.50,1,1,Pawtucket Red Sox
Adam Lau,665142,1,0,5.79,5,1,0,0,0,9.1,8,8,6,3,2,11,8,2.04,0,1,Pawtucket Red Sox
Jordan Weems,607179,0,1,6.17,8,1,0,0,0,11.2,14,9,8,1,0,6,14,1.71,0,2,Pawtucket Red Sox
Jenrry Mejia,516769,2,7,6.87,34,0,0,0,7,36.2,43,29,28,6,2,14,41,1.55,1,24,Pawtucket Red Sox
Daniel McGrath,600011,0,0,8.10,1,0,0,0,0,3.1,7,3,3,1,0,1,1,2.40,0,1,Pawtucket Red Sox
Matthew Kent,664236,1,4,8.70,6,6,0,0,0,30.0,37,29,29,8,2,15,14,1.73,0,0,Pawtucket Red Sox
Brian Ellington,623395,0,0,9.00,4,0,0,0,0,4.0,4,4,4,0,2,7,5,2.75,0,1,Pawtucket Red Sox
Chandler Shepherd,605469,0,5,10.01,8,7,0,0,0,29.2,53,43,33,11,5,16,30,2.33,0,0,Pawtucket Red Sox
Tyler Thornburg,592804,0,2,12.66,11,1,0,0,0,10.2,17,15,15,5,0,9,13,2.44,1,1,Pawtucket Red Sox
Dedgar Jimenez,642381,0,1,14.09,2,2,0,0,0,7.2,10,12,12,2,1,10,7,2.61,0,0,Pawtucket Red Sox
Jantzen Witte,642220,0,0,27.00,1,0,0,0,0,1.0,8,7,3,0,0,0,0,8.00,0,1,Pawtucket Red Sox
Tyler Duffey,608648,0,0,1.32,7,0,0,0,1,13.2,8,2,2,0,1,5,22,0.95,0,2,Rochester Red Wings
Cody Stashak,664054,5,0,1.61,12,2,0,0,0,22.1,16,5,4,1,0,4,31,0.90,0,5,Rochester Red Wings
Matt Magill,543483,0,1,1.69,5,1,0,0,1,5.1,2,1,1,0,0,1,8,0.56,1,2,Rochester Red Wings
Randy Dobnak,677976,4,1,2.00,7,5,0,0,0,36.0,22,9,8,0,1,14,27,1.00,0,0,Rochester Red Wings
Sam Clay,621348,1,1,2.19,8,0,0,0,1,12.1,11,4,3,0,1,6,15,1.38,1,1,Rochester Red Wings
Mike Morin,573046,0,1,2.25,8,1,0,0,1,12.0,11,4,3,1,0,3,12,1.17,1,5,Rochester Red Wings
Cody Allen,592102,0,2,3.38,7,1,0,0,0,8.0,7,5,3,1,0,5,7,1.50,1,1,Rochester Red Wings
Devin Smeltzer,656970,1,3,3.45,12,11,0,0,0,62.2,57,26,24,10,3,17,60,1.18,0,0,Rochester Red Wings
Adam Bray,665032,1,1,3.60,6,4,0,0,0,20.0,17,9,8,4,0,5,8,1.10,0,0,Rochester Red Wings
Jeremy Bleich,542946,1,1,3.68,6,1,0,0,0,7.1,7,3,3,0,0,2,12,1.23,0,2,Rochester Red Wings
Sean Poppen,664092,5,1,3.84,12,9,0,0,0,61.0,53,29,26,4,7,27,68,1.31,0,0,Rochester Red Wings
Zack Littell,641793,3,3,3.90,16,7,0,0,1,57.2,53,28,25,11,1,22,62,1.30,0,3,Rochester Red Wings
Carlos Torres,448614,4,1,4.15,8,0,0,0,0,17.1,19,8,8,1,1,8,16,1.56,0,3,Rochester Red Wings
Austin Adams,542866,1,1,4.50,11,1,0,0,1,18.0,16,9,9,3,1,6,28,1.22,0,7,Rochester Red Wings
Stephen Gonsalves,624427,0,1,4.50,1,1,0,0,0,2.0,1,1,1,0,0,5,2,3.00,0,0,Rochester Red Wings
Ryan O'Rourke,594951,1,0,4.50,1,0,0,0,0,2.0,2,1,1,0,0,3,1,2.50,0,1,Rochester Red Wings
Lewis Thorpe,626929,5,4,4.68,18,17,0,0,0,90.1,87,49,47,11,1,25,109,1.24,0,0,Rochester Red Wings
Fernando Romero,622864,2,2,4.72,27,1,0,0,1,47.2,45,29,25,7,6,21,51,1.38,5,6,Rochester Red Wings
Preston Guilmet,543258,2,6,5.09,38,3,0,0,8,58.1,59,39,33,13,1,19,74,1.34,2,25,Rochester Red Wings
Justin Nicolino,592593,1,1,5.12,4,3,0,0,0,19.1,22,12,11,2,1,8,13,1.55,0,0,Rochester Red Wings
Ian Krol,571871,0,1,5.23,18,0,0,0,8,20.2,27,13,12,1,0,10,30,1.79,0,15,Rochester Red Wings
Ryan Eades,592280,4,3,5.51,29,2,0,0,3,50.2,59,32,31,7,0,16,63,1.48,4,8,Rochester Red Wings
Kohl Stewart,640464,6,5,5.68,17,16,0,0,0,76.0,84,63,48,9,7,38,66,1.61,0,0,Rochester Red Wings
Jake Reed,596082,3,2,5.94,37,0,0,0,0,63.2,63,42,42,5,4,31,74,1.48,5,9,Rochester Red Wings
Griffin Jax,643377,1,0,6.00,1,1,0,0,0,6.0,8,4,4,1,0,3,3,1.83,0,0,Rochester Red Wings
Andrew Vasquez,607755,1,2,6.00,15,1,0,0,0,18.0,17,13,12,1,1,18,27,1.94,2,4,Rochester Red Wings
Drew Hutchison,571800,3,2,6.11,9,9,0,0,0,45.2,58,34,31,10,3,17,52,1.64,0,0,Rochester Red Wings
Daniel Camarena,547176,0,0,6.23,1,0,0,0,0,4.1,5,3,3,1,1,0,6,1.15,0,0,Rochester Red Wings
DJ Baxendale,571474,4,4,6.96,25,3,0,0,0,42.2,49,37,33,10,1,24,48,1.71,2,6,Rochester Red Wings
Gabriel Moya,622382,1,3,7.63,26,6,0,0,0,30.2,41,26,26,7,3,18,35,1.92,2,9,Rochester Red Wings
Charlie Barnes,656212,0,0,8.31,1,1,0,0,0,4.1,6,4,4,0,0,5,5,2.54,0,0,Rochester Red Wings
Trevor Hildenberger,657610,0,0,8.44,9,0,0,0,1,10.2,17,11,10,2,1,3,9,1.88,1,5,Rochester Red Wings
Andro Cutura,656345,0,0,9.00,1,1,0,0,0,4.0,7,4,4,1,0,2,0,2.25,0,0,Rochester Red Wings
Zack Weiss,592848,0,1,9.28,6,0,0,0,0,10.2,19,11,11,2,0,3,10,2.06,0,0,Rochester Red Wings
Chase De Jong,608328,0,5,9.73,13,10,0,0,0,45.1,72,53,49,16,4,26,30,2.16,0,0,Rochester Red Wings
Addison Reed,592665,0,0,14.40,5,1,0,0,0,5.0,13,8,8,4,0,1,5,2.80,1,0,Rochester Red Wings
Daniel Alvarez,656032,0,0,0.00,1,0,0,0,0,0.2,0,0,0,0,0,0,0,0.00,0,0,Scranton/Wilkes-Barre RailRiders
Ben Heller,621294,0,0,0.00,3,3,0,0,0,4.0,2,0,0,0,0,1,5,0.75,0,0,Scranton/Wilkes-Barre RailRiders
Jake Barrett,545332,0,1,1.17,10,0,0,0,1,15.1,10,2,2,0,0,4,20,0.91,0,7,Scranton/Wilkes-Barre RailRiders
Josh Maciejewski,656671,0,0,1.50,1,1,0,0,0,6.0,5,1,1,0,0,1,6,1.00,0,0,Scranton/Wilkes-Barre RailRiders
Chad Green,643338,0,0,2.45,3,3,0,0,0,7.1,5,2,2,0,0,2,14,0.95,0,0,Scranton/Wilkes-Barre RailRiders
Brian Keller,662144,0,0,2.57,1,1,0,0,0,7.0,3,2,2,1,1,4,3,1.00,0,0,Scranton/Wilkes-Barre RailRiders
J.P. Feyereisen,656420,8,2,2.63,34,0,0,0,7,51.1,31,19,15,4,0,27,79,1.13,3,19,Scranton/Wilkes-Barre RailRiders
Jonathan Holder,656547,1,1,2.92,9,0,0,0,2,12.1,13,5,4,1,0,2,15,1.22,2,3,Scranton/Wilkes-Barre RailRiders
Daniel Bies,680768,0,0,3.00,1,0,0,0,0,3.0,2,2,1,0,0,3,3,1.67,0,0,Scranton/Wilkes-Barre RailRiders
Joe Harvey,642840,0,1,3.12,22,0,0,0,9,26.0,15,10,9,4,2,15,38,1.15,1,18,Scranton/Wilkes-Barre RailRiders
Stephen Tarpley,605501,5,1,3.13,18,2,0,0,3,31.2,25,15,11,3,1,13,34,1.20,0,6,Scranton/Wilkes-Barre RailRiders
Adonis Rosa,650738,4,0,3.45,9,4,0,0,0,44.1,43,20,17,7,0,11,39,1.22,0,0,Scranton/Wilkes-Barre RailRiders
David Sosebee,607729,4,1,3.47,29,0,0,0,6,46.2,44,21,18,6,1,19,59,1.35,0,17,Scranton/Wilkes-Barre RailRiders
Nestor Cortes Jr.,641482,2,2,3.86,7,6,0,0,0,39.2,29,17,17,3,1,11,42,1.01,0,0,Scranton/Wilkes-Barre RailRiders
Brady Lail,621078,1,0,3.97,7,0,0,0,0,11.1,8,5,5,2,2,1,11,0.79,1,4,Scranton/Wilkes-Barre RailRiders
David Hale,571735,3,2,4.13,7,7,1,0,0,32.2,36,17,15,3,2,10,30,1.41,0,0,Scranton/Wilkes-Barre RailRiders
Raynel Espinal,642659,5,7,4.32,18,12,1,0,0,75.0,73,37,36,10,4,22,79,1.27,0,1,Scranton/Wilkes-Barre RailRiders
Chance Adams,664856,4,3,4.46,15,15,1,1,0,78.2,76,40,39,10,5,37,76,1.44,0,0,Scranton/Wilkes-Barre RailRiders
Kaleb Ort,672391,4,0,4.55,18,0,0,0,2,27.2,26,16,14,2,2,20,44,1.66,1,8,Scranton/Wilkes-Barre RailRiders
Brody Koerner,621259,4,3,4.74,17,13,0,0,0,93.0,103,58,49,14,8,26,72,1.39,0,1,Scranton/Wilkes-Barre RailRiders
Drew Hutchison,571800,5,4,5.14,12,10,0,0,0,63.0,64,44,36,8,4,28,61,1.46,0,1,Scranton/Wilkes-Barre RailRiders
Danny Coulombe,543056,2,2,5.16,16,0,0,0,1,22.2,25,13,13,5,4,15,42,1.76,3,5,Scranton/Wilkes-Barre RailRiders
Cale Coshow,641483,2,1,5.28,14,0,0,0,2,15.1,16,13,9,3,1,10,22,1.70,0,10,Scranton/Wilkes-Barre RailRiders
Domingo Acevedo,642758,1,0,5.40,10,0,0,0,0,16.2,19,10,10,4,1,4,21,1.38,2,2,Scranton/Wilkes-Barre RailRiders
Gio Gonzalez,461829,2,1,6.00,3,3,0,0,0,15.0,19,10,10,1,0,6,19,1.67,0,0,Scranton/Wilkes-Barre RailRiders
Rex Brothers,571521,0,3,6.06,26,0,0,0,0,35.2,34,24,24,6,3,26,61,1.68,3,10,Scranton/Wilkes-Barre RailRiders
Deivi Garcia,665620,1,2,6.26,5,5,0,0,0,23.0,27,16,16,6,3,10,22,1.61,0,0,Scranton/Wilkes-Barre RailRiders
Daniel Camarena,547176,4,8,6.27,17,16,0,0,0,99.0,121,74,69,21,2,22,88,1.44,0,0,Scranton/Wilkes-Barre RailRiders
Randall Delgado,517414,2,5,6.49,10,10,0,0,0,51.1,62,41,37,9,2,16,44,1.52,0,0,Scranton/Wilkes-Barre RailRiders
Jonathan Loaisiga,642528,0,2,7.24,4,4,0,0,0,13.2,14,11,11,3,1,5,16,1.39,0,0,Scranton/Wilkes-Barre RailRiders
Will Carter,657203,1,1,8.82,9,0,0,0,0,16.1,17,16,16,3,1,14,6,1.90,0,3,Scranton/Wilkes-Barre RailRiders
Domingo German,593334,0,0,9.00,1,1,0,0,0,4.0,4,4,4,2,0,2,5,1.50,0,0,Scranton/Wilkes-Barre RailRiders
Janson Junk,676083,0,0,11.57,1,1,0,0,0,2.1,5,4,3,1,0,0,2,2.14,0,0,Scranton/Wilkes-Barre RailRiders
Danny Farquhar,543144,0,0,21.00,2,0,0,0,0,3.0,6,7,7,3,1,2,4,2.67,0,0,Scranton/Wilkes-Barre RailRiders
Shawn Semple,676111,0,0,21.60,1,1,0,0,0,3.1,8,8,8,1,0,3,2,3.30,0,0,Scranton/Wilkes-Barre RailRiders
Dan Jennings,543359,0,0,33.75,2,0,0,0,0,1.1,5,5,5,3,0,0,2,3.75,0,0,Scranton/Wilkes-Barre RailRiders
Luis Avilan,501593,0,0,0.00,2,0,0,0,0,2.1,0,0,0,0,0,0,4,0.00,0,0,Syracuse Mets
Jeurys Familia,544727,0,0,0.00,1,0,0,0,0,1.0,1,0,0,0,0,0,2,1.00,0,0,Syracuse Mets
Stephen Nogosek,668665,3,0,0.00,15,0,0,0,0,22.0,9,1,0,0,1,8,21,0.77,5,4,Syracuse Mets
Matt Blackham,657518,0,0,1.08,6,0,0,0,0,8.1,3,1,1,1,1,4,6,0.84,3,0,Syracuse Mets
Drew Gagnon,543193,6,4,2.15,12,12,0,0,0,71.0,60,23,17,9,4,14,61,1.04,0,0,Syracuse Mets
Corey Taylor,664219,2,0,2.37,10,1,0,0,0,19.0,20,5,5,0,0,7,15,1.42,2,1,Syracuse Mets
Tim Peterson,623402,2,6,2.82,33,0,0,0,8,44.2,31,15,14,6,0,12,45,0.96,3,23,Syracuse Mets
Ryan O'Rourke,594951,2,3,3.27,36,2,0,0,2,44.0,39,21,16,4,1,23,47,1.41,6,13,Syracuse Mets
Hector Santiago,502327,3,1,3.35,8,7,0,0,0,43.0,32,17,16,5,0,23,38,1.28,0,0,Syracuse Mets
Corey Oswalt,621261,7,3,3.39,12,12,1,0,0,63.2,68,29,24,7,2,10,64,1.23,0,0,Syracuse Mets
Paul Sewald,623149,3,3,3.54,39,0,0,0,3,48.1,55,23,19,6,4,15,47,1.45,6,10,Syracuse Mets
Harol Gonzalez,656083,2,0,3.63,4,3,0,0,0,17.1,17,7,7,4,3,4,10,1.21,0,0,Syracuse Mets
Chris Mazza,607391,3,3,3.72,11,11,0,0,0,65.1,54,29,27,5,3,16,56,1.07,0,0,Syracuse Mets
Walker Lockett,621141,2,2,3.83,9,8,0,0,0,47.0,58,25,20,5,2,11,31,1.47,0,0,Syracuse Mets
Tyler Bashlor,641341,3,2,4.20,26,0,0,0,3,30.0,28,14,14,3,2,12,31,1.33,5,13,Syracuse Mets
Chris Flexen,623167,5,2,4.41,23,11,0,0,0,69.1,81,35,34,11,1,19,84,1.44,1,4,Syracuse Mets
Daniel Zamora,623354,1,1,4.43,24,0,0,0,4,22.1,19,11,11,1,0,6,27,1.12,6,5,Syracuse Mets
Ervin Santana,429722,2,2,4.45,10,10,0,0,0,54.2,61,27,27,7,4,25,34,1.57,0,0,Syracuse Mets
Joseph Shaw,621256,0,0,4.50,1,0,0,0,0,2.0,2,2,1,1,0,2,0,2.00,0,0,Syracuse Mets
Justin Wilson,458677,0,0,4.50,2,2,0,0,0,2.0,3,1,1,0,0,0,4,1.50,0,0,Syracuse Mets
Eric Hanhold,621098,2,3,4.87,31,0,0,0,0,40.2,51,24,22,5,2,17,28,1.67,7,10,Syracuse Mets
Arquimedes Caminero,491708,0,2,5.09,17,0,0,0,8,17.2,18,11,10,4,2,10,15,1.58,2,13,Syracuse Mets
Jacob Rhame,642008,3,2,5.49,20,0,0,0,3,19.2,19,13,12,4,0,6,25,1.27,2,10,Syracuse Mets
Casey Coleman,488787,1,7,5.85,19,15,0,0,0,64.2,79,44,42,13,6,27,53,1.64,0,0,Syracuse Mets
Louis Coleman,488786,0,0,5.93,12,0,0,0,0,13.2,12,9,9,1,0,8,12,1.46,2,2,Syracuse Mets
Joe Zanghi,642236,0,0,6.35,5,0,0,0,0,5.2,7,4,4,1,0,5,6,2.12,0,1,Syracuse Mets
Anthony Kay,641743,1,3,6.61,7,7,0,0,0,31.1,40,23,23,7,3,11,26,1.63,0,0,Syracuse Mets
Stephen Villines,676644,0,0,6.75,13,0,0,0,0,16.0,23,13,12,4,1,8,12,1.94,1,5,Syracuse Mets
Zach Lee,545346,4,3,6.99,16,13,0,0,0,74.2,110,63,58,8,2,27,63,1.83,0,0,Syracuse Mets
Brooks Pounders,572044,0,2,7.80,12,1,0,0,0,15.0,21,14,13,4,4,5,15,1.73,1,1,Syracuse Mets
P.J. Conlon,664869,0,1,9.00,6,0,0,0,0,8.0,9,9,8,2,0,8,8,2.13,3,0,Syracuse Mets
Donnie Hart,643354,0,0,9.00,1,0,0,0,0,1.0,2,1,1,0,0,1,0,3.00,0,0,Syracuse Mets
Andrew Church,641455,0,1,13.50,1,1,0,0,0,3.1,10,6,5,1,0,2,1,3.60,0,0,Syracuse Mets
Ryley Gilliam,663894,2,0,13.50,10,0,0,0,0,9.1,19,14,14,3,0,9,12,3.00,1,0,Syracuse Mets
Sean Burnett,430634,0,0,15.63,5,0,0,0,0,6.1,12,11,11,3,0,6,2,2.84,0,1,Syracuse Mets
Rene Rivera,425784,0,0,18.00,1,0,0,0,0,1.0,2,2,2,0,0,1,0,3.00,0,1,Syracuse Mets
Mickey Jannis,595263,0,2,22.95,2,2,0,0,0,6.2,19,21,17,5,0,4,5,3.45,0,0,Syracuse Mets
David Roseboom,595389,0,1,45.00,2,0,0,0,0,1.0,4,5,5,0,0,4,2,8.00,0,0,Syracuse Mets
David McKay,641853,0,0,0.00,1,0,0,0,0,2.0,0,0,0,0,0,0,6,0.00,0,0,Toledo Mud Hens
Carlos Torres,448614,0,0,0.00,5,0,0,0,0,5.2,5,0,0,0,0,0,3,0.88,0,2,Toledo Mud Hens
Spencer Turnbull,605513,0,0,0.00,1,1,0,0,0,3.2,1,0,0,0,1,0,7,0.27,0,0,Toledo Mud Hens
Daniel Stumpf,621385,1,1,1.42,5,0,0,0,1,6.1,5,2,1,0,1,1,8,0.95,0,3,Toledo Mud Hens
Nick Ramirez,598286,0,1,2.00,2,2,0,0,0,9.0,12,5,2,1,1,3,10,1.67,0,0,Toledo Mud Hens
Eduardo Jimenez,621592,3,2,2.49,33,0,0,0,2,47.0,29,17,13,4,5,16,46,0.96,3,11,Toledo Mud Hens
Jose Cisnero,542585,1,2,2.70,32,2,0,0,7,40.0,36,14,12,3,2,21,49,1.43,0,23,Toledo Mud Hens
John Schreiber,670167,5,4,2.83,39,0,0,0,3,47.2,36,22,15,4,3,20,59,1.17,3,12,Toledo Mud Hens
Bryan Garcia,650530,2,0,3.29,25,0,0,0,0,27.1,23,11,10,4,0,10,30,1.21,5,3,Toledo Mud Hens
Ethan DeCaster,681915,1,1,3.46,10,0,0,0,1,13.0,12,5,5,2,0,3,17,1.15,0,4,Toledo Mud Hens
Tim Adleman,534947,6,4,3.48,14,13,2,0,0,77.2,66,33,30,11,1,24,88,1.16,0,1,Toledo Mud Hens
Caleb Thielbar,573204,2,1,3.92,43,0,0,0,2,64.1,66,28,28,7,2,14,76,1.24,3,17,Toledo Mud Hens
Drew VerHagen,572403,4,2,4.42,11,11,0,0,0,53.0,61,29,26,5,4,13,51,1.40,0,0,Toledo Mud Hens
Pete Kozma,518902,0,0,4.50,1,0,0,0,0,2.0,3,1,1,1,0,0,0,1.50,0,1,Toledo Mud Hens
Zac Reininger,643617,1,2,4.54,26,1,0,0,0,37.2,40,21,19,6,0,21,39,1.62,4,6,Toledo Mud Hens
Will Vest,676684,0,0,4.91,2,0,0,0,1,3.2,8,3,2,1,0,1,1,2.45,0,1,Toledo Mud Hens
Beau Burrows,663366,1,5,5.05,13,13,0,0,0,57.0,57,33,32,9,4,30,51,1.53,0,0,Toledo Mud Hens
Joe Navilhon,667700,1,1,5.19,5,0,0,0,0,8.2,8,5,5,3,0,1,9,1.04,0,0,Toledo Mud Hens
Ryan Carpenter,543001,5,7,5.26,14,14,0,0,0,77.0,77,45,45,11,8,26,76,1.34,0,0,Toledo Mud Hens
Matt Hall,664180,5,4,5.30,25,13,0,0,0,86.2,102,58,51,16,3,31,106,1.53,1,5,Toledo Mud Hens
Spenser Watkins,657093,5,2,5.40,11,9,0,0,0,56.2,66,34,34,13,4,18,50,1.48,0,1,Toledo Mud Hens
Tyler Alexander,641302,4,9,5.72,17,15,0,0,0,85.0,105,55,54,18,8,18,94,1.45,0,0,Toledo Mud Hens
Edwin Jackson,429719,0,2,5.87,2,2,0,0,0,7.2,11,8,5,1,1,4,2,1.96,0,0,Toledo Mud Hens
Jose Manuel Fernandez,622774,1,1,5.97,27,1,0,0,0,34.2,40,24,23,5,0,16,24,1.62,5,6,Toledo Mud Hens
Eduardo Paredes,622161,1,1,6.75,9,0,0,0,0,12.0,10,11,9,1,0,9,11,1.58,1,2,Toledo Mud Hens
Trent Szkutnik,630241,0,0,6.75,9,0,0,0,0,13.1,16,11,10,1,1,9,12,1.88,0,3,Toledo Mud Hens
Gregory Soto,642397,0,3,6.94,6,5,0,0,0,23.1,25,19,18,2,2,13,30,1.63,0,0,Toledo Mud Hens
Sandy Baez,622783,1,0,7.36,18,0,0,0,0,22.0,27,19,18,1,0,14,18,1.86,0,3,Toledo Mud Hens
Jordan Zimmermann,519455,0,1,7.71,1,1,0,0,0,4.2,5,4,4,2,0,0,6,1.07,0,0,Toledo Mud Hens
Kyle Funkhouser,608335,2,6,8.08,14,14,0,0,0,49.0,62,51,44,3,2,37,50,2.02,0,0,Toledo Mud Hens
Victor Alcantara,622505,0,0,8.44,4,0,0,0,0,5.1,6,5,5,1,0,2,6,1.50,0,1,Toledo Mud Hens
Austin Adams,542866,0,2,9.22,10,0,0,0,1,13.2,17,15,14,3,2,5,12,1.61,0,3,Toledo Mud Hens
Zac Houston,667677,1,1,10.00,17,1,0,0,1,18.0,18,22,20,1,3,14,19,1.78,0,8,Toledo Mud Hens
Trevor Rosenthal,572096,0,0,10.13,6,0,0,0,0,5.1,8,6,6,2,1,6,9,2.63,1,0,Toledo Mud Hens
Paul Voelker,657081,0,0,10.13,2,0,0,0,0,2.2,5,3,3,0,0,1,2,2.25,0,0,Toledo Mud Hens
Nolan Blackwood,670154,0,0,21.00,3,0,0,0,0,3.0,6,7,7,1,0,4,3,3.33,2,0,Toledo Mud Hens
